{"width": 12, "height": 12, "dem": [[0.5031912469288778, 0.8691322007209377, 0.8540501279065705, 0.36528087988006896, 0.0, 0.19004312054662562, 0.7084357099847891, 0.9790540769064475, 0.5809021299055237, 0.07325312701521756, 0.05664119458310976, 0.5207360150743243], [0.4292462226716056, 0.6602838799279479, 0.6584340660019442, 0.4315008978032652, 0.30030258208068217, 0.34878222111700036, 0.6255128072545687, 0.6958357206947247, 0.5375347526039042, 0.2913023922159754, 0.2827787865363086, 0.4938261754541409], [0.4714413956072679, 0.18368424151907656, 0.24994333022759163, 0.5672036502859215, 0.8038436629851127, 0.6573636465608466, 0.3358771720885347, 0.16682761498285736, 0.4275331754506027, 0.6980790582282355, 0.72458623322722, 0.4578416204109285], [0.43984944738763765, 0.08820472888763099, 0.08400920483852732, 0.6194577992334903, 0.939216551189221, 0.757746248329386, 0.19810371255954973, 0.05384834136097504, 0.3325093061101254, 0.8509601685197494, 0.8778988965718668, 0.5140430589002245], [0.460232497419978, 0.3823950521070094, 0.41486998743997183, 0.45718963330284723, 0.5758589082366068, 0.4805017599774898, 0.4288087547388954, 0.4519856713049375, 0.5047167639216344, 0.5246562921131976, 0.5708439220054123, 0.45308850883153395], [0.48642929009539615, 0.8845572874131439, 0.7866980704117964, 0.3715460740563346, 0.031455040688913465, 0.24415089605362683, 0.6556707622552597, 0.8594962522120014, 0.5749265936399904, 0.19711148837796072, 0.06402283094591092, 0.470252200797337], [0.4592125352720338, 0.8588923508111072, 0.7685618271807321, 0.3188264033092412, 0.11245959540286847, 0.28327926557321614, 0.7326137008312806, 0.87029346481222, 0.6014123009089519, 0.17202249849002552, 0.11778064399645127, 0.45413321280517027], [0.4578581225110706, 0.368941457255137, 0.40624885868251265, 0.4715104208959834, 0.5504650503311592, 0.5204295596547583, 0.43757935104476336, 0.3892098544262449, 0.4157391755838055, 0.5750064947449814, 0.5239723247598448, 0.4765693078660514], [0.523018562532635, 0.050825445422224697, 0.11015940446756073, 0.6091962653535452, 0.9421604162763232, 0.7610848557686986, 0.1854948066429013, 0.01604391234787868, 0.37397324792965525, 0.8474868357664351, 0.9058494908080662, 0.432440229532803], [0.4626554793512353, 0.19613187952158567, 0.2192968511153173, 0.5671261671719033, 0.8060666941797859, 0.614786852692985, 0.2631488879392388, 0.149113389422353, 0.3503877281914942, 0.684556356426059, 0.8012289286189307, 0.46407281770282593], [0.4499466683220006, 0.683439884436157, 0.5904278869563522, 0.44422803019007534, 0.2760224149857077, 0.3783053677204329, 0.551299748817809, 0.6447120870689763, 0.5474144639591508, 0.28228855652981866, 0.27075980603183775, 0.4811329694936283], [0.4507179438525794, 0.9038858387241018, 0.8818585196828806, 0.3822937611681124, 0.006575977915051388, 0.21978738136479647, 0.690782040313764, 1.0, 0.6198242128402977, 0.14103534352013347, 0.044711424836641145, 0.5134069548151278]], "risk": [[0.7885453354198996, 0.576091919182693, 0.673681477554735, 0.9127227313700441, 0.6607317368481873, 0.8198539661543416, 0.8514644388808662, 0.6131753727582648, 0.9609707044169631, 0.7201726048731134, 0.6719119189358685, 0.9818858277502039], [0.48913753994289755, 0.7632782209926131, 0.6822015317600008, 0.43418875020001163, 0.8534033716619066, 0.6012686418494623, 0.5377141434606709, 0.8627906674610751, 0.4568910822243414, 0.712603734655971, 0.7371130846699182, 0.45068582830184123], [0.607890354913051, 0.647863157938226, 0.7294203290608825, 0.6177221187065228, 0.6814271611156826, 0.6563362987364572, 0.6871027479926817, 0.6848627359624889, 0.60137377352847, 0.6691371399743359, 0.6777691902129068, 0.563809903535451], [0.7428218626429183, 0.4304186208908332, 0.587458348433677, 0.9106067429084717, 0.28159990408863894, 0.8046502566288679, 0.7498207589368123, 0.33292383237171613, 0.8457483181190302, 0.6043907822191845, 0.3911047398257573, 0.7685356851130237], [0.17160628871174263, 0.8423726588311075, 0.7462852534014712, 0.31217320745626786, 0.9589817867973857, 0.5641900315503832, 0.4841633630863875, 0.854594135458073, 0.26726701990151425, 0.6940367330705085, 0.8628321830938397, 0.2529804803550402], [0.8409080356174121, 0.5947980853411956, 0.6580623735500726, 0.8108690986747626, 0.5075417414647662, 0.6913406870656603, 0.7247389647082159, 0.44991966883107287, 0.7069434075067641, 0.6555958752423943, 0.5586956612429128, 0.8580193954323502], [0.8447240879218935, 0.6350144668170706, 0.6976605827693809, 0.7008904653814962, 0.5493984163067229, 0.7169827150061212, 0.6613346577058047, 0.5156240501726478, 0.7563477307126112, 0.6481800669814348, 0.5698313832554837, 0.7104594965835442], [0.19952835176165745, 0.8551192988955518, 0.7037101788632796, 0.3423919758792082, 0.8777493294089345, 0.5184909956655674, 0.5941852532435933, 0.9024477829762627, 0.3101503316788484, 0.7224417016710267, 0.838728576099796, 0.10271000585502689], [0.9973570978083781, 0.472664593955686, 0.6218570050788571, 0.8844400935428087, 0.31399831834459424, 0.8052860549215507, 0.8080966924219881, 0.3223550614579196, 0.8807755980783247, 0.5734928908106064, 0.5271239205949443, 1.0], [0.5682033988381782, 0.7158177833454253, 0.6409041639451818, 0.6436987320014105, 0.7052910944536519, 0.7015400912420191, 0.6253766481248656, 0.6702836818447098, 0.5943948146293752, 0.7635272486581993, 0.7099725191939003, 0.7139796252122396], [0.49333456552563626, 0.7620239731961028, 0.7439235517168293, 0.3851623367724071, 0.8471888591057319, 0.5084569656542228, 0.5320809747780071, 0.8986108301795582, 0.4769292034113439, 0.6440793876660549, 0.8260773106343977, 0.447384435322292], [0.9571614308317725, 0.6512387709808661, 0.8260285134297046, 0.9335758860535224, 0.5944256113929431, 0.7963754348399846, 0.8750491676911812, 0.754154825616199, 0.9199348679106042, 0.6766844262977488, 0.6185509412151787, 0.9923009963535719]]}